"leise", "Warum sprecht ihr so leise?", [sound:leise.mp3], <img src="4teachers__lehrproben__unterrichtsentw_rfe_und_unterrichtsmaterial____" /><img src="leise___tanne" /><img src="malvorlagen_f_r_den_bereich_schule_f_r_kinder_im_kidsweb_de" /><img src="gardena_premium_hauswasserautomat_6000_5_inox_lcd_-_pumpen" /><img src="sozialistische_jugend_deutschlands_-_die_falken_-_leise_gegen_rechts_" /><img src="sei_leise__-_pissed_off_obama_meme_on_memegen" /><img src="netzwerken_f_r_leise_und_laute_menschen" /><img src="gabi_on_twitter___pssst_____einige_schlafen_noch___deshalb_sage____" /><img src="referendar_de___thema_anzeigen_-_leise-zeichen" /><img src="schulregeln-____vorgebirgsschule____" />
"können", "Sie können viel erzählen.", [sound:konnen.mp3], <img src="photos_from_posts" /><img src="h_stis_kuh_elsa___h_sti" /><img src="photos_from_posts" /><img src="2014-03-22" /><img src="k_nnen_aus_feinden_auch_geliebte_werden__meine_erste_fanfiktion____" /><img src="google_" /><img src="google_" /><img src="11_10_16" /><img src="google_profiles" /><img src="beauty_international_in_d_sseldorf___elementare_neuigkeiten_bei____" />
"möchten", "Sie möchten aber zusammen sein.", [sound:mochten.mp3], <img src="ulrich_k_nig_-_google_" /><img src="ka_-_sa_s_buchfinder__juni_2016" /><img src="google_" /><img src="t-shirt_gestalten_und_bedrucken_-_t-shirt-motive_-_t-shirt____" /><img src="how_to_download_books_from_google_books____2016-11-26" /><img src="karen_gruno_-_google_" /><img src="sandra_ruppin_-_google_" /><img src="sandra_ruppin_-_google_" /><img src="t-shirt_gestalten_und_bedrucken_-_t-shirt-motive_-_t-shirt____" /><img src="sandra_ruppin_-_google_" />
"dürfen", "Wir dürfen in den Park gehen.", [sound:durfen.mp3], <img src="photos_from_posts" /><img src="photos_from_posts" /><img src="photos_from_posts" /><img src="eveningo_inside" /><img src="kritischepresseschau_on_twitter___hamburg__leere_asylunterk_nfte____" /><img src="au_ent_ren_hashtag_on_twitter" /><img src="stahlgewitter_hashtag_on_twitter" /><img src="kritischepresseschau_on_twitter___aufgrund_von_amokl_ufen____" /><img src="rob_boers___rob_boers_____twitter" /><img src="tageswoche_on_twitter___die_basler_autorin_simone_lappert_im____" />
"spät", "Warum arbeitet der Vater so spät?", [sound:spat.mp3], <img src="2_free_magazines_from_fluegelschwinger_visolution_cc" /><img src="photos_from_posts" /><img src="foto_tyzdna_palestina_demonstrant_hadze_izraelskym_jednotkam_sp_c3____" /><img src="photos_from_posts" /><img src="photos_from_posts" /><img src="pika_x3_-_google_" /><img src="untitled_layer" /><img src="kc_rebell_zu_sp_c3_a4t_cover_free_mp3_download" /><img src="ard_online_on_twitter___als_ihre_tochter_anf_ngt_medizin_zu____" /><img src="so____ingress__archive__-_rpgnet_forums" />
"erzählen", "Sie können viel erzählen.", [sound:erzahlen.mp3], <img src="angela_iseli_-_google_" /><img src="artliterat" /><img src="artliterat_michael_zimmermann_-_google_" /><img src="wahll_gen_korrigiert___deutschland_am_abgrund___1____2018____" /><img src="angela_iseli_-_google_" /><img src="reaela_rea__reasworld__-_google_" /><img src="dirk-oliver_lange_-_google_" /><img src="einmaleins-bingo-brettspiel___mathe_grundschule___pinterest" /><img src="26_12_15" /><img src="artliterat" />
"müssen", "Wir müssen unsere Autos verkaufen.", [sound:mussen.mp3], <img src="google_" /><img src="kritischepresseschau_on_twitter___trotz_arbeit_angewiesen_auf____" /><img src="michael_eichelberger_-_videos_-_google_" /><img src="ikhwan_asani_-_google_" /><img src="google_profiles" /><img src="die_party_geht_weiter__das_2__gewinnspiel_zum_bloggeburtstag__ein____" /><img src="kritischepresseschau_on_twitter___zoos_m_ssen_ihre_tiere_sch_tzen____" /><img src="die_party_geht_weiter__das_2__gewinnspiel_zum_bloggeburtstag__ein____" /><img src="mrc_enviromentstudios_tryageag_-_google_" /><img src="mrc_enviromentstudios_tryageag_-_google_" />
"tanzen", "Könnt ihr tanzen?", [sound:tanzen.mp3], <img src="freies_tanzen___freies_tanzen_in_dresden_und_mei_en" /><img src="top_tanzen_news__people__statistics_and_external_links" /><img src="selbstverwirklichung_durch_salsa_tanzen__f_r_manche_ist_salsa___" /><img src="tanzen_ist_auch_sport__-_viktormatic_com" /><img src="tanzen_news_directory__tanzen_forum_-_blog" /><img src="tanzen_-_svhohenwepel_de" /><img src="k_rper_tanzen_formen___fotojournalist_oliver_schaper_dortmund____" /><img src="best_tanzen_products_-_tanzen_and_sport_news" /><img src="tanzen" /><img src="sportverein_kaufungen" />
"Krimi", "Leo möchete einen Krimi sehen", [sound:Krimi.mp3], <img src="but18" /><img src="krimi_p__b_hy___krimipribehy____twitter" /><img src="but23" /><img src="krimi-quiz___26_zeichen" /><img src="krimi_in_the_pocket_giallo_on_the_brain" /><img src="krimi_in_a_box" /><img src="the_best_krimi_guide_-_top_krimi_news_genres_review" /><img src="krimi_-_english" /><img src="file_ohne_krimi_geht_die_mimi_logo_001_svg_-_wikimedia_commons" /><img src="the_best_krimi_guide_-_top_krimi_news_genres_review" />
"allein", "Du möchtest nie allein sein!", [sound:allein.mp3], <img src="angst_vorm_allein_sein__so_kannst_du_alleine_gl_cklich_sein_" /><img src="bushido_-_lass_mich_allein_lyrics_-_youtube" /><img src="ohne_dich_bin_ich_allein_foto___bild___spezial__sehnsucht____" /><img src="cartoon_40__insel_allein___mycartoons_org_-_cartoons_by_mil" /><img src="allein_auf_der_bank_foto___bild___menschen_bilder_auf_fotocommunity" /><img src="auf_achse_archives___pixelino" /><img src="alleinsein__das_beste_gegen_ersch_pfung____karrierebibel_de" /><img src="alleine_reisen___comfortzoneless_-_reiseblog" /><img src="allein__allein_____foto___bild___natur__meer___strand__landschaft____" /><img src="allein_-_helloprincesses_-_myblog_de" />
"schnell", "Warum laufen die Kinder so schnell?", [sound:schnell.mp3], <img src="gruppe__ich_spiele_schnell__spielgeschwindigkeit___brettspielnetz_" /><img src="schnell_gallery" /><img src="file_wir_lernen_schnell_grossplakat_jpg_-_wikimedia_commons" /><img src="matt_schnell___danger_caged____twitter" /><img src="1000__images_about_david_schnell_on_pinterest___david__oil_on____" /><img src="1000__images_about_david_schnell_on_pinterest___david__paintings____" /><img src="schnell_gallery" /><img src="schnell_gallery" /><img src="schnell_87919___dfiles" /><img src="smart_13_coil_-_stirrup_bender_-_schnell_spa_-_youtube" />
"Speisekarte", "Wir können die Speisekarte lesen", [sound:Speisekarte.mp3], <img src="speisekarte_-_lin_s_wok" /><img src="speisekarte_-_goldener_l_we_-_goldener_l_we" /><img src="fr_hst_cks-_und_speisekarten" /><img src="speisekarte_-_goldener_l_we_-_goldener_l_we" /><img src="speisekarte" /><img src="speisekarte_-_goldener_l_we_-_goldener_l_we" /><img src="2013-05_speisekartes1_jpg" /><img src="speisekarte_-_goldener_l_we_-_goldener_l_we" /><img src="speisekarte_-_leopoldauer_alm" /><img src="speisekarte-asia_pearl_restaurant_l_nen" />
"Liebesfilm", "Inge möchete einen Liebesfilm sehen", [sound:Liebesfilm.mp3], <img src="liebesfilm-gewinnspiel___von_thomas___leinwandreporter" /><img src="die_neuen___liebesfilme___2016" /><img src="romantik_liebesfilm___dvdome_s_blog" /><img src="die_besten_romantischen_k_modien__die_20_besten_liebesfilme_aller" /><img src="fake_trailer__deadpool_als_romantisches_drama_-_blogbusters" /><img src="die_top_10_der_ultimativen_liebesfilme_zum_valentinstag" /><img src="romantische_filme__die_besten_liebesfilme_-_womenshealth_de" /><img src="top_10_liebesfilme__part_2__mit_trailer_-_youtube" /><img src="f_r_immer_liebe_-_westf_lische_nachrichten" /><img src="die_neuen___liebesfilme___2016" />
"laufen", "Warum laufen die Kinder so schnell?", [sound:laufen.mp3], <img src="home___laufen_bathrooms" /><img src="laufen_-_thinglink" /><img src="laufen_bathrooms___laufenbathrooms____twitter" /><img src="top_laufen_news__people__statistics_and_external_links" /><img src="home___laufen_bathrooms" /><img src="kartell_by_laufen" /><img src="grimm_grammar___laufen___laufen" /><img src="home___laufen_bathrooms" /><img src="organic_bathroom_fixtures_by_laufen_-_palomba" /><img src="home___laufen_bathrooms" />
"zusammen", "Sie möchten aber zusammen sein.", [sound:zusammen.mp3], <img src="wandtattoo_zusammen_tr_umen_bei_wandtattoos_de" /><img src="wir-zusammen___begleitung_von_integrationsprozessen" /><img src="wir_arbeiten_zusammen" /><img src="welche_sternzeichen_passen_zusammen_und_warum_" /><img src="alles_h_ngt_zusammen_-_dr__angela_zimmer_-_zahnaerztin_und____" /><img src="wir_zwei_geh_ren_zusammen___buch" /><img src="mit_dir_zusammen____-_picture" /><img src="willkommen_auf_der_webseite_von_wkz_-_wir_k_mpfen_zusammen____" /><img src="im_leben_findet_immer_das_zusammen__-_picture" /><img src="kette_der_holding_3d_zusammen_stockbild_-_bild__16034651" />
"Nachbarn", "Warum gehen wir zu den Nachbarn?", [sound:Nachbarn.mp3], <img src="file_nachbarn_svg_-_wikimedia_commons" /><img src="das_fest_der_nachbarn___das_fest_der_nachbarn__im_kiez__in_berlin____" /><img src="file_nachbarn_svg_-_wikimedia_commons" /><img src="so_k_nnen_sie_stress_und__rger_mit_den_nachbarn_vermeiden" /><img src="f_r_den_nachbarn_-_fun-urkunden" /><img src="nachbarn_by_gunga___nature_cartoon___toonpool" /><img src="10_jahre_netzwerk_nachbarschaft_-_jubil_ums-wettbewerb__die____" /><img src="gartenhaus_-_abstand_zum_nachbarn__wo_darf_es_stehen_" /><img src="bsj_oberfranken" /><img src="cartoon_immer_diese_nachbarn" />
"Feier", "Die Feier darf jetzt beginnen.", [sound:Feier.mp3], <img src="file_bundesarchiv_bild_183-p1225-0016__berlin__heiligabend__feier____" /><img src="malvorlage_feier___ausmalbild_5700_" /><img src="hochzeiten___feiern_-_essen_-_hotel_arlenburg______st__anton_am____" /><img src="feiern_bei_bella_italia" /><img src="hotel_toskana_-_wiesbaden" /><img src="ihre_feier_bei_uns____fit_in_achim" /><img src="illustration_der_feier_mit_wein_auf_wei_em_hintergrund___stock____" /><img src="karneval___westfalen_blog" /><img src="die_feier___pfalzwerke" /><img src="restaurant_die_griechin__ludwigsburg_das_original" />
"Kino", "Elisabeth darf ins Kino gehen.", [sound:Kino.mp3], <img src="kino_hawkhurst___christie_-_visual_display_solutions" /><img src="cinema___kino_digital" /><img src="film_at_-_kino_und_filme_-_android_apps_on_google_play" /><img src="bar__restaurant___ping_pong_nottingham___das_kino" /><img src="kino_gallery" /><img src="kino_club" /><img src="kino_sterk___fantoche" /><img src="kino_gallery" /><img src="about_us___kino_s_prus" /><img src="neue_kino_trailer_2016_german_deutsch__kw_16__-_youtube" />
"kaufen", "Können wir das Auto kaufen?", [sound:kaufen.mp3], <img src="snapback_and_recover__kaufen_domains__dropped__aftermarket_and____" /><img src="clipart_kaufen_zum_runterladen" /><img src="kaufen_gallery" /><img src="kaufen_clipart" /><img src="das_muss_ich_kaufen__on_twitter___die_elektrischen__mellowboards____" /><img src="kaufen_gallery" /><img src="kaufen_oder_nicht_kaufen__-_bernetblog_ch" /><img src="lebensmittel___was_kann_man_noch_kaufen__was_kann_man_noch_essen____" /><img src="jetz-kaufen-button___dawn_of_light" /><img src="gold_online_kaufen__goldkauf_im_internet" />
"Vanilleeis", "Peter mag auch Vanileeis.", [sound:Vanilleeis.mp3], <img src="vanilleeis_-_bauchgef_hl_ern_hrungsberatung" /><img src="vanilleeis_rezept_-_eis_selber_machen_von_eisrezepte_net" /><img src="__veganes_vanilleeis_ganz_einfach_selber_machen" /><img src="vanilleeis_ohne_eismaschine__rezept_mit_fotos____von_den_koch-banausen" /><img src="blog_parco_san_marco___blog_archive___heute_ist_tag_des_vanilleeis_" /><img src="hei_e_liebe_mit_vanilleeis_ein_eisklassiker__der_bestimmt_auf____" /><img src="vanilleeis-tag_2017_-_23_07_2017" /><img src="vanilleeis_rezept___foodchomp" /><img src="fotografie_pralinen__eis__s_sses___kuchen" /><img src="eissorten__vanilleeis_im_test_-_fit_for_fun" />
"Schokoladeneis", "Hans und Jakob mögen aber Schokoldeneis lieber", [sound:Schokoladeneis.mp3], <img src="schokoladeneis_selber_machen" /><img src="schokoladeneis_selber_machen__rezept_zum_klassiker" /><img src="bild__schokoladeneis_ab_3___auf_rechnung_bestellen_und_sofort____" /><img src="schokoladeneis_related_keywords___suggestions_-_schokoladeneis____" /><img src="berliner_fresse___schokoladeneis" /><img src="preserve___baked_beans___english_cuisine___hd_stock_video_202-740____" /><img src="schokoladeneis_mit_stevia_rezept_-_steviarezepte_org" /><img src="schokolade_eis_related_keywords___suggestions_-_schokolade_eis____" /><img src="schokoladeneis_related_keywords___suggestions_-_schokoladeneis____" /><img src="schokoladeneis_ohne_eismaschine___chocolate_ice_cream_-_youtube" />
"lieber", "Hans und Jakob mögen aber Schokoldeneis lieber", [sound:lieber.mp3], <img src="file_francis_lieber_-_brady-handy_jpg_-_wikimedia_commons" /><img src="ron_lieber______ronlieber____twitter" /><img src="jon_lieber_-_wikipedia" /><img src="tom_lieber" /><img src="charles_lieber___future_of_energy" /><img src="larry_lieber_-_wikipedia" /><img src="traumhaftes_wandtattoo_lieber_gott_von_wandtattoo_net" /><img src="matthew_lieber___mlieber____twitter" /><img src="file_lieber_verliebt_-_kino_png_-_wikimedia_commons" /><img src="dr_steven_lieber___periodontal_health_center_-_serving_the_tampa____" />
"tun", "Beate, was willst du tun?", [sound:tun.mp3], <img src="tun_ko_installer_-_android_apps_on_google_play" /><img src="tun_-_photo_picture_definition_at_photo_dictionary_-_tun_word_and____" /><img src="tun_helps_students_save_" /><img src="tun_tap_-_blogs__polls__discussions__events__citizen_journalism____" /><img src="tun_ko_installer_-_android_apps_on_google_play" /><img src="tun_ko_installer_-_android_apps_on_google_play" /><img src="file_tun_situat_in_fortareata_din_sagres_jpg_-_wikimedia_commons" /><img src="mark_twain_quotations_-_heidelberg_tun" /><img src="wow_brands_tun_bitter" /><img src="16_tun_-_a_craft_beer_bar___new_zealand_free_house" />
"schwimmen", "Luise will ach schwimmen gehen", [sound:schwimmen.mp3], <img src="natascha_loroff__schwimmen__-_google_" /><img src="schwimmen_gallery" /><img src="sg_klotzsche" /><img src="so_schwimmen_sie_sich_rundum_fit__-_men_s_health" /><img src="index_of__sport_schwimmen" /><img src="g4a__31_schwimmen_-_android_apps_on_google_play" /><img src="vfl_kirchheim_abteilung_schwimmen" /><img src="g4a__31_schwimmen_-_android_apps_on_google_play" /><img src="g4a__31_schwimmen_-_android_apps_on_google_play" /><img src="schwimmen_gallery" />
"früh", "Wir stehen früh auf, weil wir in die Schule gehen müssen.", [sound:fruh.mp3], <img src="photos_from_posts" /><img src="klafs_hotel_references_fr_c3_a3_c2_b6s_b6_park_fr_c3_a3_c2_b6s_c3____" /><img src="photos_from_posts" /><img src="c3_b0_c2_9a_b1_84_b5_80_a8_bb_le_chalet_google___imanada" /><img src="photos_from_posts" /><img src="https___fbcdn-sphotos-g-a_akamaihd_net_hphotos-ak-frc3____" /><img src="photos_from_posts" /><img src="photo_gallery_-_long_beach_ms_custom_aluminum_boats" /><img src="outfit__floral_dress___true_smiles___fee_schoenwald__modeblog_aus____" /><img src="goa_gil_oa_2012_sonntag_fr_c3_bch_morgens_free_mp3_download" />
"Aufstehen", "Wir stehen früh auf, weil wir in die Schule gehen müssen.", [sound:Aufstehen.mp3], <img src="aufstehen_-_jappy_gb_bilder_gb-pics___g_stebuchbilder" /><img src="morgenmuffel__so_klappt_das_aufstehen___apotheken_umschau" /><img src="donald_aufstehen_picture__129388671___blingee_com" /><img src="wolltest_du_nicht_aufstehen__ja_genau__ich_wollte_nicht_aufstehen____" /><img src="aufstehen_on_twitter____l_uft___der_weltfriedenswanderer_stefan____" /><img src="fr_her_aufstehen__eine_anleitung_f_r_morgenmuffel" /><img src="suchbegriff___aufstehen____t-shirts___spreadshirt" /><img src="minions_on_pinterest" /><img src="beim_aufstehen_wie_ein_meerschweinchen_quieken___hobia___deine____" /><img src="malvorlage_016b__aufstehen___ausmalbild_12146_" />
"Rad", "Wir wollen Rad Fahren", [sound:Rad.mp3], <img src="totally_rad_gifs_-_find___share_on_giphy" /><img src="rad_pack_pro_-_80_s_theme_-_android_apps_on_google_play" /><img src="rad_gifs_-_find___share_on_giphy" /><img src="rad__1986__-_imdb" /><img src="totally_rad_gifs_-_find___share_on_giphy" /><img src="the_gmc_rad_reviewers__sign_up___discussion____page_2___gamemaker____" /><img src="totally_rad__" /><img src="rad_brothers_-_android_apps_on_google_play" /><img src="rad_cars_with_rad_surfboards_on_them" /><img src="rad_boarding_-_android_apps_on_google_play" />
"weil", "Wir stehen früh auf, weil wir in die Schule gehen müssen.", [sound:weil.mp3], <img src="weil__gotshal___manges_-_weil__gotshal___manges_llp" /><img src="american_weil_society_-_contact_us" /><img src="people_-_weil__gotshal___manges_llp" /><img src="file_weil__stephan-8456_jpg_-_wikimedia_commons" /><img src="weil_-_20th_century_mathematics_-_the_story_of_mathematics" /><img src="curriculum_vitae_of_prime_minister_stephan_weil___state_chancellery" /><img src="stephan_weil_-_wikipedia" /><img src="love_is_not_our_choice__but_god_s_gift__featuring_simone_weil____" /><img src="jo_weil_-_wikipedia" /><img src="weil__gotshal___manges_-_weil__gotshal___manges_llp" />
"Rad", "Wir wollen Rad Fahren", [sound:Rad.mp3], <img src="totally_rad_gifs_-_find___share_on_giphy" /><img src="rad_pack_pro_-_80_s_theme_-_android_apps_on_google_play" /><img src="rad_gifs_-_find___share_on_giphy" /><img src="rad__1986__-_imdb" /><img src="totally_rad_gifs_-_find___share_on_giphy" /><img src="the_gmc_rad_reviewers__sign_up___discussion____page_2___gamemaker____" /><img src="totally_rad__" /><img src="rad_brothers_-_android_apps_on_google_play" /><img src="rad_cars_with_rad_surfboards_on_them" /><img src="rad_boarding_-_android_apps_on_google_play" />
"früh", "Wir stehen früh auf, weil wir in die Schule gehen müssen.", [sound:fruh.mp3], <img src="photos_from_posts" /><img src="klafs_hotel_references_fr_c3_a3_c2_b6s_b6_park_fr_c3_a3_c2_b6s_c3____" /><img src="photos_from_posts" /><img src="c3_b0_c2_9a_b1_84_b5_80_a8_bb_le_chalet_google___imanada" /><img src="photos_from_posts" /><img src="https___fbcdn-sphotos-g-a_akamaihd_net_hphotos-ak-frc3____" /><img src="photos_from_posts" /><img src="photo_gallery_-_long_beach_ms_custom_aluminum_boats" /><img src="outfit__floral_dress___true_smiles___fee_schoenwald__modeblog_aus____" /><img src="goa_gil_oa_2012_sonntag_fr_c3_bch_morgens_free_mp3_download" />
"abnehmen", "Ich esse nicht viel, weil ich abnehmen möchte.", [sound:abnehmen.mp3], <img src="wie_man_12kg_bauchfett_in_nur_30_tagen_abnehmen_soll_" /><img src="1000__images_about_schnell_abnehmen_tipps_on_pinterest___search____" /><img src="was_das_gute_daran_ist__wenn_dein_gewichtsverlust_mal_stagniert____" /><img src="abnehmen_mit_tee__di_t_fasten_-_android_apps_on_google_play" /><img src="abnehmtipps__die_besten_tipps_zum_abnehmen_-_gesundheit_de" /><img src="abnehmen___fitness_blog" /><img src="ern_hrungsplan_zum_abnehmen" /><img src="bauchmuskeln_fitness_abnehmen___android-apps_auf_google_play" /><img src="10_tipps_zum_abnehmen_-_erfolgreich_und_gesund_gewicht_verlieren" /><img src="in_2_wochen_-_10kg_abnehmen___fettabbau_-_youtube" />
"ziehen", "Sie ziehen an den Bodensee, weil sie da immer schwimmen können.", [sound:ziehen.mp3], <img src="drucken_und_ziehen_schilder__german_push_and_pull_signs" /><img src="malvorlage_03b__ziehen___ausmalbild_11621_" /><img src="an_einem_strang_ziehen_-_leap4joy_de" /><img src="drucken_und_ziehen_schilder__german_push_and_pull_signs" /><img src="ziehen___dr_cken_und_vogelaufkleber_im_seton_online-shop_kaufen" /><img src="flugzeug-ziehen_im_tv__weltrekord_knapp_verpasst____airport_n_rnberg" /><img src="verlag_mborisch_de__aufkleber__bitte_ziehen___hanau" /><img src="dr_cken___ziehen_aufkleber_und_schilder_f_r_t_ren" /><img src="am_gleichen_strang_ziehen______einkaufsgemeinschaft_dortmund-s_d" /><img src="dr_cken___ziehen_aufkleber_und_schilder_f_r_t_ren" />
"schwimmen", "Sie ziehen an den Bodensee, weil sie da immer schwimmen können.", [sound:schwimmen.mp3], <img src="natascha_loroff__schwimmen__-_google_" /><img src="schwimmen_gallery" /><img src="sg_klotzsche" /><img src="so_schwimmen_sie_sich_rundum_fit__-_men_s_health" /><img src="index_of__sport_schwimmen" /><img src="g4a__31_schwimmen_-_android_apps_on_google_play" /><img src="vfl_kirchheim_abteilung_schwimmen" /><img src="g4a__31_schwimmen_-_android_apps_on_google_play" /><img src="g4a__31_schwimmen_-_android_apps_on_google_play" /><img src="schwimmen_gallery" />
"Prüfung", "Lotte muss viel lernen, wenn sie die Prüfung bestehen will.", [sound:Prufung.mp3], <img src="photos_from_posts" /><img src="2016-05-25_dieters_pr_fungstag" /><img src="hans-peter_schaller_-_videos_-_google_" /><img src="2016-05-25_dieters_pr_fungstag" /><img src="2016-05-25_dieters_pr_fungstag" /><img src="osd_mostar_-_google_" /><img src="dieter_bettinger_-_about_-_google_" /><img src="werner_richard_-_posts_-_google_" /><img src="explosion_exam" /><img src="explosion_exam" />
"treiben", "Er treibt Sport, da er fit sein will", [sound:treiben.mp3], <img src="sports__search_and_google_search_on_pinterest" /><img src="word_of_the_day____treiben____german_is_easy_" /><img src="treiben_lassen_foto___bild___natur__natur-kreativ_bilder_auf____" /><img src="naturkinder_-_treiben_lassen" /><img src="karikatur_von_manfred_deix__fideles_treiben_im_vatikan___laut____" /><img src="eckold___produkte_f_r_die_blechbearbeitung___gl_tten___gl_tthammer____" /><img src="regenbogenparade_-_buntes_treiben_am_ring___news_at" /><img src="bild_on_twitter___wildes_treiben_auf_dem__kotzh_gel___oder_auch____" /><img src="set_nr_14_-_freizeit__sport_treiben___nikola_amrhein" /><img src="spenglertechnik_net_-_arbeitstechnik_treiben" />
"dumm", "Anton lernt viel, weil er nicht dumm bleiben will.", [sound:dumm.mp3], <img src="bist_du_dumm__-_y_u_no_meme_on_memegen" /><img src="bisch_dumm_oder_hasch_kein_fahrrad___-_chance_app___socialappspot" /><img src="zu_viel_fluorid__dumm_durch_zahnpasta___der_honigmann_sagt___" /><img src="56__aller_franzosen_sind_dumm__-_lustige_bilder__videos_und_witze" /><img src="tag__dumm_on_memegen" /><img src="zu_viel_fluorid__dumm_durch_zahnpasta___der_honigmann_sagt___" /><img src="dumm__mein_gott_on_memegen" /><img src="dumm_oder_so__-_sceptical_baby_meme_on_memegen" /><img src="datei_jeder-hat-das-recht-dumm-zu-sein_jpg___terra-y_wiki___fandom____" /><img src="ulrich_strunz__warum_macht_die_nudel_dumm___heyne_verlag____" />
